{"cameraMode":{"drawMode":0,"name":"Shaded","section":"Shading Mode"},"sceneLighting":true,"audioPlay":false,"sceneViewState":{"m_AlwaysRefresh":false,"showFog":true,"showSkybox":true,"showFlares":true,"showImageEffects":true,"showParticleSystems":true,"showVisualEffectGraphs":true,"m_FxEnabled":true},"in2DMode":false,"pivot":{"x":-0.6877160668373108,"y":2.6941471099853517,"z":-5.411355018615723},"rotation":{"x":0.17585685849189759,"y":0.07763917744159699,"z":-0.013767157681286335,"w":0.981316328048706},"size":1.7660253047943116,"orthographic":false}