{"cameraMode":{"drawMode":0,"name":"Shaded","section":"Shading Mode"},"sceneLighting":false,"audioPlay":false,"sceneViewState":{"m_AlwaysRefresh":false,"showFog":true,"showSkybox":false,"showFlares":true,"showImageEffects":true,"showParticleSystems":true,"showVisualEffectGraphs":true,"m_FxEnabled":true},"in2DMode":false,"pivot":{"x":0.3836331367492676,"y":9.646286964416504,"z":-5.482698440551758},"rotation":{"x":0.15096670389175416,"y":-0.27393850684165957,"z":0.043708644807338718,"w":0.9488803744316101},"size":9.502204895019532,"orthographic":false}